{"text": " Give the name of English and comedy movies that customers rented the most.", "segments": [{"id": 0, "seek": 0, "start": 0.0, "end": 5.28, "text": " Give the name of English and comedy movies that customers rented the most.", "tokens": [50365, 5303, 264, 1315, 295, 3669, 293, 13394, 6233, 300, 4581, 32381, 264, 881, 13, 50629], "temperature": 0.0, "avg_logprob": -0.24358906465418198, "compression_ratio": 1.0, "no_speech_prob": 2.0679699272441177e-11}], "language": "en"}