{"text": " Give the name of English and comedy movies that customers rented the most.", "segments": [{"id": 0, "seek": 0, "start": 0.0, "end": 5.44, "text": " Give the name of English and comedy movies that customers rented the most.", "tokens": [50364, 5303, 264, 1315, 295, 3669, 293, 13394, 6233, 300, 4581, 32381, 264, 881, 13, 50636], "temperature": 0.0, "avg_logprob": -0.2933686761295094, "compression_ratio": 1.0, "no_speech_prob": 0.0032645813189446926}], "language": "en"}